id,product_name,product_name_en,grocery_store,prep,veg,ingredients,ingredients_en,price_2026,weight_grams,price_per_kg_2026,image_url
20,AH Hutspot grootverpakking,"AH hutspot (carrot & onion), large pack",Albert Heijn,pre-cut,,"60% wortel, 40% ui","60% carrot, 40% onion",1.99,1000,1.99,https://www.ah-boodschappen.nl/storage/product-image/poster/2510.jpg
24,AH Basis soepgroente,AH basic soup vegetables,Albert Heijn,pre-cut,,"49% prei, 29% wortel, 13% bloemkool, 9,1% selderij","49% leek, 29% carrot, 13% cauliflower, 9.1% celery",1.29,400,3.23,https://www.ah-boodschappen.nl/storage/product-image/poster/2623.jpg
19,AH Hutspot,AH hutspot (carrot & onion),Albert Heijn,pre-cut,,"60% wortel, 40% ui","60% carrot, 40% onion",1.69,500,3.38,https://www.ah-boodschappen.nl/storage/product-image/poster/2510.jpg
59,AH Geschrapte worteltjes grootverpakking,"AH scraped baby carrots, large pack",Albert Heijn,pre-cut,carrot,"wortel, antioxidant (calciumascorbaat [E302])","carrot, antioxidant (calcium ascorbate [E302])",1.79,500,3.58,https://www.ah-boodschappen.nl/storage/product-image/poster/2500.jpg
4,AH Roerbakgroente Italiaans grootverpakking,"AH Italian stir-fry mix, large pack",Albert Heijn,pre-cut,,"27% prei, 18% wortel, 18% courgette, 18% ui, 18% rode paprika","27% leek, 18% carrot, 18% zucchini, 18% onion, 18% red bell pepper",2.29,600,3.82,https://www.ah-boodschappen.nl/storage/product-image/poster/2591.jpg
58,AH Geschrapte worteltjes,AH scraped baby carrots,Albert Heijn,pre-cut,carrot,"wortel, antioxidant (calciumascorbaat [E302])","carrot, antioxidant (calcium ascorbate [E302])",1.29,300,4.30,https://www.ah-boodschappen.nl/storage/product-image/poster/2503.jpg
26,AH Erwtensoepgroente,AH pea-soup vegetables,Albert Heijn,pre-cut,,"35% prei, 24% wortel, 20% knolselderij, 16% witte ui, 5,5% bladselderij, antioxidant (citroenzuur (E330))","35% leek, 24% carrot, 20% celeriac, 16% white onion, 5.5% leaf celery, antioxidant (citric acid (E330))",2.19,500,4.38,https://www.ah-boodschappen.nl/storage/product-image/poster/2625.jpg
25,AH Soepgroenten luxe,AH deluxe soup vegetables,Albert Heijn,pre-cut,,"24% prei, 23% bleekselderij, 17% wortel, 12% tuinerwt, 12% bloemkool, 6% tomaat, 6% selderij","24% leek, 23% celery, 17% carrot, 12% garden peas, 12% cauliflower, 6% tomato, 6% leaf celery",1.99,450,4.42,https://www.ah-boodschappen.nl/storage/product-image/poster/2633.jpg
48,AH Andijvie gesneden,AH sliced endive,Albert Heijn,pre-cut,endive,andijvie,endive,1.79,400,4.48,https://www.ah-boodschappen.nl/storage/product-image/poster/2205.jpg
53,AH Spinazie,AH spinach,Albert Heijn,pre-cut,spinach,spinazie,spinach,2.19,450,4.87,https://www.ah-boodschappen.nl/storage/product-image/poster/2143.jpg
23,AH Fijne soepgroente grootverpakking,"AH finely cut soup vegetables, large pack",Albert Heijn,pre-cut,,"34% wortel, 25% prei, 24% selderij, 17% bloemkool (bloemkoolblad en roosjes in wisselende verhoudingen)","34% carrot, 25% leek, 24% celery, 17% cauliflower (cauliflower leaf and florets in varying proportions)",1.99,400,4.98,https://www.ah-boodschappen.nl/storage/product-image/poster/2621.jpg
46,AH Gesneden spitskool,AH sliced pointed cabbage,Albert Heijn,pre-cut,pointed cabbage,spitskool,pointed cabbage,1.99,400,4.98,https://www.ah-boodschappen.nl/storage/product-image/poster/2494.jpg
11,AH Wokgroente Chinees grootverpakking,"AH Chinese wok vegetables, large pack",Albert Heijn,pre-cut,,"25% rode paprika, 25% witte kool, 19% prei, 19% sperzieboon, 13% taugé","25% red bell pepper, 25% white cabbage, 19% leek, 19% green beans, 13% bean sprouts",2.99,600,4.98,https://www.ah-boodschappen.nl/storage/product-image/poster/2576.jpg
13,AH Wokgroente Thais grootverpakking,"AH Thai wok vegetables, large pack",Albert Heijn,pre-cut,,"31% witte kool, 24% prei, 21% groene paprika, 21% rode ui, 3,1% rode peper","31% white cabbage, 24% leek, 21% green bell pepper, 21% red onion, 3.1% red chili pepper",2.99,600,4.98,https://www.ah-boodschappen.nl/storage/product-image/poster/2578.jpg
22,AH Fijne soepgroente,AH finely cut soup vegetables,Albert Heijn,pre-cut,,"34% wortel, 25% prei, 24% selderij, 17% bloemkool (bloemkoolblad en roosjes in wisselende verhoudingen)","34% carrot, 25% leek, 24% celery, 17% cauliflower (cauliflower leaf and florets in varying proportions)",1.29,250,5.16,https://www.ah-boodschappen.nl/storage/product-image/poster/2624.jpg
47,AH Fijngesneden spitskool,AH finely sliced pointed cabbage,Albert Heijn,pre-cut,pointed cabbage,spitskool,pointed cabbage,1.09,200,5.45,https://www.ah-boodschappen.nl/storage/product-image/poster/2496.jpg
21,AH Boeren soepgroente,AH farmhouse soup vegetables,Albert Heijn,pre-cut,,"27% prei, 24% bleekselderij, 18% wortel, 12% bloemkool, 12% rode paprika, 8,3% selderij","27% leek, 24% celery, 18% carrot, 12% cauliflower, 12% red bell pepper, 8.3% leaf celery",1.99,350,5.69,https://www.ah-boodschappen.nl/storage/product-image/poster/2622.jpg
49,AH Andijvie fijngesneden kleinverpakking,"AH finely sliced endive, small pack",Albert Heijn,pre-cut,endive,andijvie,endive,1.49,250,5.96,https://www.ah-boodschappen.nl/storage/product-image/poster/2204.jpg
56,AH Snijbonen,AH sliced runner beans,Albert Heijn,pre-cut,runner beans,snijboon,sliced runner beans,2.39,400,5.98,https://www.ah-boodschappen.nl/storage/product-image/poster/2288.jpg
55,AH Sperziebonen,AH green beans,Albert Heijn,pre-cut,green beans,sperzieboon,green beans,2.39,400,5.98,https://www.ah-boodschappen.nl/storage/product-image/poster/2249.jpg
12,AH Wokgroente Thais,AH Thai wok vegetables,Albert Heijn,pre-cut,,"31% witte kool, 24% prei, 21% groene paprika, 21% rode ui, 3,1% rode peper","31% white cabbage, 24% leek, 21% green bell pepper, 21% red onion, 3.1% red chili pepper",2.39,400,5.98,https://www.ah-boodschappen.nl/storage/product-image/poster/2573.jpg
1,AH Roerbakgroente Hollands,AH Dutch stir-fry mix,Albert Heijn,pre-cut,,"24% wortel, 16% bleekselderij, 16% rode paprika, 11% gele paprika, 11% broccoli, 11% sperziebonen, 11% bloemkool","24% carrot, 16% celery, 16% red bell pepper, 11% yellow bell pepper, 11% broccoli, 11% green beans, 11% cauliflower",2.49,400,6.23,https://www.ah-boodschappen.nl/storage/product-image/poster/2592.jpg
2,AH Roerbakgroente Italiaans,AH Italian stir-fry mix,Albert Heijn,pre-cut,,"27% prei, 18% wortel, 18% ui, 18% courgette, 18% rode paprika","27% leek, 18% carrot, 18% onion, 18% zucchini, 18% red bell pepper",2.49,400,6.23,https://www.ah-boodschappen.nl/storage/product-image/poster/2589.jpg
7,AH Roerbakgroente Italiaans cavolo nero,"AH Italian stir-fry mix, cavolo nero",Albert Heijn,pre-cut,,"42% broccoli, 23% kastanjechampignon, 21% cavolo nero, 14% bosui","42% broccoli, 23% chestnut mushroom, 21% cavolo nero, 14% spring onion",2.49,400,6.23,https://www.ah-boodschappen.nl/storage/product-image/poster/715528.jpg
8,AH Roerbakgroente Mexicaans,AH Mexican stir-fry mix,Albert Heijn,pre-cut,,"28% witte kool, 21% prei, 17% mais, 14% sperzieboon, 11% kidneyboon, 9,3% rode paprika, water, zout, antioxidant (citroenzuur (E330)), calciumchloride (E509), calciumdinatrium-EDTA (E385)","28% white cabbage, 21% leek, 17% corn, 14% green beans, 11% kidney beans, 9.3% red bell pepper, water, salt, antioxidant (citric acid (E330)), calcium chloride (E509), calcium disodium EDTA (E385)",2.49,400,6.23,https://www.ah-boodschappen.nl/storage/product-image/poster/2590.jpg
9,AH Wokgroente Chinees,AH Chinese wok vegetables,Albert Heijn,pre-cut,,"25% witte kool, 25% rode paprika, 19% sperzieboon, 19% prei, 12% taugé","25% white cabbage, 25% red bell pepper, 19% green beans, 19% leek, 12% bean sprouts",2.49,400,6.23,https://www.ah-boodschappen.nl/storage/product-image/poster/2572.jpg
14,AH Wokgroente Oosters,AH Asian wok vegetables,Albert Heijn,pre-cut,,"24% rode ui, 19% paksoi, 18% prei, 16% spitskool, 12% rode paprika, 12% sojaboon","24% red onion, 19% pak choi, 18% leek, 16% pointed cabbage, 12% red bell pepper, 12% soybeans",2.59,400,6.48,https://www.ah-boodschappen.nl/storage/product-image/poster/729233.jpg
52,AH Biologisch Witte kool,AH organic white cabbage,Albert Heijn,pre-cut,white cabbage,witte kool (biologisch),white cabbage (organic),1.99,300,6.63,https://www.ah-boodschappen.nl/storage/product-image/poster/2492.jpg
50,AH Boerenkool,AH kale,Albert Heijn,pre-cut,kale,boerenkool,kale,1.99,300,6.63,https://www.ah-boodschappen.nl/storage/product-image/poster/2446.jpg
57,AH Peen julienne,AH carrot julienne,Albert Heijn,pre-cut,carrot,wortel,carrot,1.99,300,6.63,https://www.ah-boodschappen.nl/storage/product-image/poster/687933.jpg
178,AH Oven & airfryer courgette rode paprika,"AH oven & airfryer, zucchini & red bell pepper",Albert Heijn,pre-cut,,"33% wortel, 33% rode paprika, 33% courgette","33% carrot, 33% red bell pepper, 33% zucchini",3.99,600,6.65,https://static.ah.nl/dam/product/AHI_316776695f493253524d5350646b696d756543656a41?revLabel=1&rendition=800x800_JPG_Q90&fileType=binary
181,AH Oven & airfryer groente koolraap,"AH oven & airfryer veg, rutabaga",Albert Heijn,pre-cut,,"29% koolraap, zoete aardappel, 25% pompoen, 17% rode ui","29% rutabaga, sweet potato, 25% pumpkin, 17% red onion",3.99,600,6.65,
177,AH Oven & airfryer groente zoete aardappel,"AH oven & airfryer veg, sweet potato",Albert Heijn,pre-cut,,"zoete aardappel, 30% rode paprika, 25% broccoli","sweet potato, 30% red bell pepper, 25% broccoli",3.99,600,6.65,https://static.ah.nl/dam/product/AHI_4354523130313832373732?revLabel=1&rendition=800x800_JPG_Q90&fileType=binary
179,AH Oven & airfryer prei peen,"AH oven & airfryer, leek & carrot",Albert Heijn,pre-cut,,"20% prei, 20% wortel, 17% rode ui, 17% kastanjechampignon, 13% rode paprika, 13% broccoli","20% leek, 20% carrot, 17% red onion, 17% chestnut mushroom, 13% red bell pepper, 13% broccoli",3.99,600,6.65,https://static.ah.nl/dam/product/AHI_4354523130313839393437?revLabel=1&rendition=800x800_JPG_Q90&fileType=binary
180,AH Oven & airfryer spruitjes pompoen,"AH oven & airfryer, Brussels sprouts & pumpkin",Albert Heijn,pre-cut,,"42% spruiten, 42% pompoen, 17% rode ui","42% Brussels sprouts, 42% pumpkin, 17% red onion",3.99,600,6.65,https://www.ah-boodschappen.nl/storage/product-image/poster/2607.jpg
183,AH Groenteschijfjes,AH veggie discs,Albert Heijn,pre-cut,,"groente (49% wortel, 49% gele wortel), maïszetmeel, specerijen, zout, raapolie","vegetables (49% carrot, 49% yellow carrot), corn starch, spices, salt, rapeseed oil",2.99,410,7.29,https://static.ah.nl/dam/product/AHI_723957783145543854544354636d5648354556446d67?revLabel=1&rendition=800x800_JPG_Q90&fileType=binary
15,AH Luxe wok Japans champignons peultjes,"AH deluxe Japanese wok, mushroom & snow peas",Albert Heijn,pre-cut,,"23% rode ui, 18% paksoi, 17% prei, 17% gele wortel, 17% kastanjechampignon, 8% peul","23% red onion, 18% pak choi, 17% leek, 17% yellow carrot, 17% chestnut mushroom, 8% snow peas",2.99,400,7.48,https://www.ah-boodschappen.nl/storage/product-image/poster/2574.jpg
6,AH Roerbakgroente Italiaans champignons,"AH Italian stir-fry mix, mushroom",Albert Heijn,pre-cut,,"43% kastanjechampignon, 33% prei, 22% rode ui, 2,2% peterselie","43% chestnut mushroom, 33% leek, 22% red onion, 2.2% parsley",2.99,400,7.48,https://www.ah-boodschappen.nl/storage/product-image/poster/2593.jpg
5,AH Roerbakgroente Italiaans fijngesneden,"AH Italian stir-fry mix, finely sliced",Albert Heijn,pre-cut,,"31% wortel, 23% sperzieboon, 15% rode paprika, 15% rode ui, 15% broccoli","31% carrot, 23% green beans, 15% red bell pepper, 15% red onion, 15% broccoli",2.99,400,7.48,https://www.ah-boodschappen.nl/storage/product-image/poster/2594.jpg
182,AH Groentefriet,AH veggie fries,Albert Heijn,pre-cut,,"groente (33% koolraap, 32% gele wortel), zoete aardappel, maïszetmeel, specerijen, zout, raapolie","vegetables (33% rutabaga, 32% yellow carrot), sweet potato, corn starch, spices, salt, rapeseed oil",3.09,410,7.54,https://static.ah.nl/dam/product/AHI_3172615f486a344b514f714f7a425839365341717177?revLabel=1&rendition=800x800_JPG_Q90&fileType=binary
51,AH Biologisch Rode kool,AH organic red cabbage,Albert Heijn,pre-cut,red cabbage,rode kool (biologisch),red cabbage (organic),2.29,300,7.63,https://www.ah-boodschappen.nl/storage/product-image/poster/2457.jpg
62,AH Gesneden uien grootverpakking,"AH sliced onions, large pack",Albert Heijn,pre-cut,onion,ui,onion,2.29,300,7.63,https://www.ah-boodschappen.nl/storage/product-image/poster/2660.jpg
16,AH Luxe wok Japans sojabonen wortel,"AH deluxe Japanese wok, soybean & carrot",Albert Heijn,pre-cut,,"40% paksoi, 25% witte kool, 18% wortel, 18% sojaboon","40% pak choi, 25% white cabbage, 18% carrot, 18% soybeans",3.09,400,7.73,https://www.ah-boodschappen.nl/storage/product-image/poster/2580.jpg
60,AH Muskaatpompoen stukjes,AH butternut squash pieces,Albert Heijn,pre-cut,butternut squash,muskaatpompoen,butternut squash,3.09,400,7.73,https://www.ah-boodschappen.nl/storage/product-image/poster/2383.jpg
3,AH Roerbakgroente Italiaans kleinverpakking,"AH Italian stir-fry mix, small pack",Albert Heijn,pre-cut,,"27% prei, 18% courgette, 18% rode paprika, 18% wortel, 18% ui","27% leek, 18% zucchini, 18% red bell pepper, 18% carrot, 18% onion",1.99,250,7.96,https://www.ah-boodschappen.nl/storage/product-image/poster/2589.jpg
10,AH Wokgroente Chinees kleinverpakking,"AH Chinese wok vegetables, small pack",Albert Heijn,pre-cut,,"25% rode paprika, 25% witte kool, 19% prei, 19% sperzieboon, 13% taugé","25% red bell pepper, 25% white cabbage, 19% leek, 19% green beans, 13% bean sprouts",1.99,250,7.96,https://www.ah-boodschappen.nl/storage/product-image/poster/2581.jpg
18,AH Luxe wokgroente Chinees,AH deluxe Chinese wok vegetables,Albert Heijn,pre-cut,,"34% Chinese kool, 31% courgette, 22% broccoli, 5,2% bosui, 3,1% rode peper, 2,1% gember, 2,1% knoflook","34% Chinese cabbage, 31% zucchini, 22% broccoli, 5.2% spring onion, 3.1% red chili pepper, 2.1% ginger, 2.1% garlic",3.59,400,8.98,
17,AH Luxe wok Japans,AH deluxe Japanese wok vegetables,Albert Heijn,pre-cut,,"36% Chinese kool, 23% rode ui, 18% paksoi, 18% shiitake, 3,4% rode chilipeper, 2,3% gember","36% Chinese cabbage, 23% red onion, 18% pak choi, 18% shiitake, 3.4% red chili pepper, 2.3% ginger",3.59,400,8.98,https://www.ah-boodschappen.nl/storage/product-image/poster/715535.jpg
54,AH Haricots verts,AH thin green beans,Albert Heijn,pre-cut,green beans,haricots verts,thin green beans (haricots verts),3.29,350,9.40,https://www.ah-boodschappen.nl/storage/product-image/poster/2297.jpg
61,AH Gesneden uien,AH sliced onions,Albert Heijn,pre-cut,onion,ui,onion,1.69,150,11.27,https://www.ah-boodschappen.nl/storage/product-image/poster/2657.jpg
184,AH BBQ-Ovenschaal asperge venkel,"AH BBQ/oven tray, asparagus & fennel",Albert Heijn,pre-cut,,"groente (24% rode ui, 20% groene asperge, 20% rode paprika, 20% gele paprika, 10% venkel), plantaardige olie (raap, zonnebloem), specerijen, zout, natuurlijke aroma's, kruiden, kurkuma-extract","vegetables (24% red onion, 20% green asparagus, 20% red bell pepper, 20% yellow bell pepper, 10% fennel), vegetable oil (rapeseed, sunflower), spices, salt, natural flavourings, herbs, turmeric extract",4.49,395,11.37,https://static.ah.nl/dam/product/AHI_567779567279717152646d7662354273743146673167?revLabel=1&rendition=800x800_JPG_Q90&fileType=binary
185,"AH BBQ-Ovenschaal champignon, paprika","AH BBQ/oven tray, mushroom & bell pepper",Albert Heijn,pre-cut,,"groente (27% kastanjechampignon, 26% rode ui, 21% rode paprika, 21% gele paprika), plantaardige olie (raap, zonnebloem), specerijen, zout, natuurlijke aroma's, kruiden, kurkuma-extract","vegetables (27% chestnut mushroom, 26% red onion, 21% red bell pepper, 21% yellow bell pepper), vegetable oil (rapeseed, sunflower), spices, salt, natural flavourings, herbs, turmeric extract",4.49,365,12.30,https://static.ah.nl/dam/product/AHI_56363578477935415239697868796c44725f527a4d77?revLabel=1&rendition=800x800_JPG_Q90&fileType=binary
175,AH Gele uien,AH whole onions (loose),Albert Heijn,whole,onion,,,1.39,1000,1.39,https://www.ah-boodschappen.nl/storage/product-image/poster/2650.jpg
169,AH Winterpeen,AH whole carrots,Albert Heijn,whole,carrot,,,1.39,1000,1.39,https://www.ah-boodschappen.nl/storage/product-image/poster/2501.jpg
171,AH Biologisch Rode kool (heel),AH whole organic red cabbage,Albert Heijn,whole,red cabbage,,,1.99,1000,1.99,https://www.ah-boodschappen.nl/storage/product-image/poster/2462.jpg
172,AH Biologisch Witte kool (heel),AH whole organic white cabbage,Albert Heijn,whole,white cabbage,,,1.99,1000,1.99,https://www.ah-boodschappen.nl/storage/product-image/poster/2493.jpg
176,AH Biologisch Flespompoen,AH whole butternut squash (organic),Albert Heijn,whole,butternut squash,,,2.98,1000,2.98,https://www.ah-boodschappen.nl/storage/product-image/poster/2384.jpg
174,AH Andijvie,AH whole endive,Albert Heijn,whole,endive,,,2.18,500,4.36,
173,AH Spitskool,AH whole pointed cabbage,Albert Heijn,whole,pointed cabbage,,,2.19,500,4.38,https://www.ah-boodschappen.nl/storage/product-image/poster/2495.jpg
170,AH Sperziebonen (heel),AH whole green beans,Albert Heijn,whole,green beans,,,2.59,500,5.18,https://www.ah-boodschappen.nl/storage/product-image/poster/2248.jpg
140,Geschrapte wortelen,Scraped baby carrots,Aldi,pre-cut,carrot,,,1.19,500,2.38,https://s7g10.scene7.com/is/image/aldinord/product_1201073_main_cms_5_nl_nl_geschrapte_wortelen_cw01_2024
130,Soepgroenten basis,Basic soup vegetables,Aldi,pre-cut,,,,1.15,400,2.88,https://s7g10.scene7.com/is/image/aldinord/variant_1223677_1_main_cms_2_nl_nl_soepgroenten_basis_cw01_2024
131,Soepgroenten fijn,Finely cut soup vegetables,Aldi,pre-cut,,,,0.99,250,3.96,https://s7g10.scene7.com/is/image/aldinord/variant_1223675_1_main_cms_3_nl_nl_soepgroenten_fijn_cw01_2024
129,Macaroni-spaghettigroenten,Macaroni & spaghetti vegetables,Aldi,pre-cut,,,,1.79,450,3.98,https://s7g10.scene7.com/is/image/aldinord/product_1220417_main_cms_3_nl_nl_macaroni_spaghettigroenten_cw01_2024
128,Nasi-bamigroenten,Nasi & bami vegetables,Aldi,pre-cut,,,,1.85,450,4.11,https://s7g10.scene7.com/is/image/aldinord/product_1221345_main_cms_4_nl_nl_nasi_bamigroenten_cw01_2024
135,Gesneden andijvie,Sliced endive,Aldi,pre-cut,endive,,,1.69,400,4.23,https://s7g10.scene7.com/is/image/aldinord/product_1220980_main_cms_1_nl_nl_gesneden_andijvie_cw01_2024
125,Chinese roerbakmix,Chinese stir-fry mix,Aldi,pre-cut,,,,1.75,400,4.38,https://s7g10.scene7.com/is/image/aldinord/product_1219037_main_cms_4_nl_nl_chinese_roerbakmix_cw01_2024
136,Spinazie,Spinach,Aldi,pre-cut,spinach,,,1.99,450,4.42,https://s7g10.scene7.com/is/image/aldinord/product_1212537_main_cms_2_nl_nl_spinazie_cw01_2024
134,Gesneden spitskool,Sliced pointed cabbage,Aldi,pre-cut,pointed cabbage,,,0.99,200,4.95,https://s7g10.scene7.com/is/image/aldinord/product_1230302_main_cms_4_nl_nl_gesneden_spitskool_cw01_2024
137,Gebroken sperziebonen,Cut green beans,Aldi,pre-cut,green beans,,,2.19,400,5.48,https://s7g10.scene7.com/is/image/aldinord/product_1230390_main_cms_2_nl_nl_gebroken_sperziebonen_cw01_2024
126,Italiaanse roerbakmix,Italian stir-fry mix,Aldi,pre-cut,,,,2.19,400,5.48,https://s7g10.scene7.com/is/image/aldinord/product_1220804_main_cms_2_nl_nl_italiaanse_roerbakmix_cw01_2024
127,Roerbakmix champignon,Mushroom stir-fry mix,Aldi,pre-cut,,,,2.19,400,5.48,https://s7g10.scene7.com/is/image/aldinord/product_1202053_main_cms_3_nl_nl_roerbakmix_champignon_cw01_2024
132,Bloemkoolroosjes,Cauliflower florets,Aldi,pre-cut,cauliflower,,,2.29,400,5.73,https://s7g10.scene7.com/is/image/aldinord/product_1230346_main_cms_4_nl_nl_bloemkoolroosjes_cw01_2024
133,Broccoliroosjes,Broccoli florets,Aldi,pre-cut,broccoli,,,2.29,400,5.73,https://s7g10.scene7.com/is/image/aldinord/product_1230307_main_cms_4_nl_nl_broccoliroosjes_cw01_2024
138,Gesneden snijbonen,Sliced runner beans,Aldi,pre-cut,runner beans,,,2.29,400,5.73,https://s7g10.scene7.com/is/image/aldinord/product_1230387_main_cms_1_nl_nl_gesneden_snijbonen_cw01_2024
139,Wortel julienne,Carrot julienne,Aldi,pre-cut,carrot,,,0.99,150,6.60,https://s7g10.scene7.com/is/image/aldinord/product_1234744_main_cms_3_nl_nl_wortel_julienne_cw01_2024
141,Taugé,Bean sprouts,Aldi,pre-cut,bean sprouts,,,0.99,125,7.92,https://s7g10.scene7.com/is/image/aldinord/product_1220000_main_cms_2_nl_nl_tauge_cw01_2024
142,Waspeen,Whole carrots,Aldi,whole,carrot,,,0.99,500,1.98,https://s7g10.scene7.com/is/image/aldinord/product_1222071_main_cms_1_nl_nl_waspeen_cw01_2024
146,Broccoli,Whole broccoli,Aldi,whole,broccoli,,,1.19,500,2.38,https://s7g10.scene7.com/is/image/aldinord/product_1219260_main_cms_2_nl_nl_broccoli_cw01_2024
147,Bloemkool,Whole cauliflower,Aldi,whole,cauliflower,,,1.75,600,2.92,https://s7g10.scene7.com/is/image/aldinord/product_1219445_main_cms_10_nl_nl_bloemkool_cw01_2024
145,Spitskool,Whole pointed cabbage,Aldi,whole,pointed cabbage,,,1.69,500,3.38,https://s7g10.scene7.com/is/image/aldinord/product_1222243_main_cms_7_nl_nl_spitskool_cw01_2024
143,Sperziebonen,Whole green beans,Aldi,whole,green beans,,,1.99,500,3.98,https://s7g10.scene7.com/is/image/aldinord/product_1219272_main_cms_11_nl_nl_sperziebonen_cw01_2024
144,Snijbonen,Whole runner beans,Aldi,whole,runner beans,,,2.29,400,5.72,https://s7g10.scene7.com/is/image/aldinord/product_1218437_main_cms_9_nl_nl_snijbonen_cw01_2024
71,Worteltjes geschrapt voordeel,"Scraped baby carrots, value pack",DekaMarkt,pre-cut,carrot,wortel,carrot,1.69,500,3.38,https://web-fileserver.dekamarkt.nl/artikelen/224667_1_473744_638810247371785367.png?width=500&height=500&mode=crop
70,Worteltjes geschrapt,Scraped baby carrots,DekaMarkt,pre-cut,carrot,wortel,carrot,1.19,300,3.97,https://web-fileserver.dekamarkt.nl/artikelen/224666_1_473743_638810247359732724.png?width=500&height=500&mode=crop
43,Bami-nasi groente,Bami & nasi vegetables,DekaMarkt,pre-cut,,"spitskool, prei, taugé, ui, wortel, rode peper","pointed cabbage, leek, bean sprouts, onion, carrot, red chili pepper",1.79,450,3.98,https://web-fileserver.dekamarkt.nl/artikelen/224646_1_472689_638810862504332418.png?width=500&height=500&mode=crop
45,Macaroni-spaghetti groente,Macaroni & spaghetti vegetables,DekaMarkt,pre-cut,,"prei, ui, paprika","leek, onion, bell pepper",1.79,450,3.98,https://web-fileserver.dekamarkt.nl/artikelen/204982_1_472690_638665041709601155.png?width=500&height=500&mode=crop
67,Andijvie grof,Coarsely cut endive,DekaMarkt,pre-cut,endive,andijvie,endive,1.75,400,4.38,https://web-fileserver.dekamarkt.nl/artikelen/216522_1_473737_638748654639630564.png?width=500&height=500&mode=crop
28,Roerbakgroente champignon,Mushroom stir-fry mix,DekaMarkt,pre-cut,,"43% kastanjechampignons, 32% prei, 22% rode ui, peterselie","43% chestnut mushrooms, 32% leek, 22% red onion, parsley",1.79,400,4.48,https://web-fileserver.dekamarkt.nl/artikelen/224521_1_453800_638810241754761095.png?width=500&height=500&mode=crop
30,Roerbakgroente chinese stijl,Chinese-style stir-fry mix,DekaMarkt,pre-cut,,"26% witte kool, prei, 19% sperziebonen, 16% taugé, rode paprika","26% white cabbage, leek, 19% green beans, 16% bean sprouts, red bell pepper",1.79,400,4.48,https://web-fileserver.dekamarkt.nl/artikelen/165565_1_453802_638288130866272235.png?width=500&height=500&mode=crop
32,Roerbakgroente italiaanse stijl,Italian-style stir-fry mix,DekaMarkt,pre-cut,,"24% prei, 19% courgette, ui, 19% rode paprika, wortel","24% leek, 19% zucchini, onion, 19% red bell pepper, carrot",1.79,400,4.48,https://web-fileserver.dekamarkt.nl/artikelen/165579_1_453862_638288130886962470.png?width=500&height=500&mode=crop
35,Wokgroente fijne,Finely cut wok vegetables,DekaMarkt,pre-cut,,"21% witte kool, 17% prei, 17% rode paprika, rode ui, broccoli, courgette","21% white cabbage, 17% leek, 17% red bell pepper, red onion, broccoli, zucchini",1.79,400,4.48,https://web-fileserver.dekamarkt.nl/artikelen/224524_1_453805_638810241725785802.png?width=500&height=500&mode=crop
40,Wokgroente chinese stijl,Chinese-style wok vegetables,DekaMarkt,pre-cut,,"26% witte kool, prei, 19% sperziebonen, 16% taugé, paprika","26% white cabbage, leek, 19% green beans, 16% bean sprouts, bell pepper",2.79,600,4.65,https://web-fileserver.dekamarkt.nl/artikelen/223460_1_477421_638798754370226624.png?width=500&height=500&mode=crop
75,Rode kool,Red cabbage,DekaMarkt,pre-cut,red cabbage,rode kool,red cabbage,1.89,400,4.73,https://web-fileserver.dekamarkt.nl/artikelen/214875_1_473736_638742667114713373.png?width=500&height=500&mode=crop
66,Fijngesneden andijvie voordeelverpakking,"Finely sliced endive, value pack",DekaMarkt,pre-cut,,andijvie,endive,2.39,500,4.78,https://web-fileserver.dekamarkt.nl/artikelen/224518_1_453771_638810229604174685.png?width=500&height=500&mode=crop
69,Prei fijn,Finely cut leek,DekaMarkt,pre-cut,leek,prei,leek,0.99,200,4.95,https://web-fileserver.dekamarkt.nl/artikelen/224663_1_473739_638810247361757077.png?width=500&height=500&mode=crop
74,Bloemkoolrijst,Cauliflower rice,DekaMarkt,pre-cut,cauliflower,bloemkool,cauliflower (riced),1.99,400,4.98,https://web-fileserver.dekamarkt.nl/artikelen/214873_1_473734_638742667069661145.png?width=500&height=500&mode=crop
33,Roerbakgroente italiaanse stijl voordeel,"Italian-style stir-fry mix, value pack",DekaMarkt,pre-cut,,"24% prei, 19% courgette, ui, 19% rode paprika, wortel","24% leek, 19% zucchini, onion, 19% red bell pepper, carrot",2.99,600,4.98,https://web-fileserver.dekamarkt.nl/artikelen/224532_1_453863_638810241736750457.png?width=500&height=500&mode=crop
64,Spinazie gewassen,Washed spinach,DekaMarkt,pre-cut,spinach,spinazie,spinach,1.99,400,4.98,https://web-fileserver.dekamarkt.nl/artikelen/224550_1_454196_638810241768839777.png?width=500&height=500&mode=crop
76,Spitskool,Pointed cabbage,DekaMarkt,pre-cut,pointed cabbage,spitskool,pointed cabbage,1.09,200,5.45,https://web-fileserver.dekamarkt.nl/artikelen/224551_1_454198_638810241770790452.png?width=500&height=500&mode=crop
41,Wokgroente thaise stijl,Thai-style wok vegetables,DekaMarkt,pre-cut,,"33% witte kool, 25% prei, groene paprika, rode ui, 3% rode peper","33% white cabbage, 25% leek, green bell pepper, red onion, 3% red chili pepper",2.19,400,5.48,https://web-fileserver.dekamarkt.nl/artikelen/165616_1_454203_638242435499509535.png?width=500&height=500&mode=crop
65,Andijvie fijngesneden,Finely sliced endive,DekaMarkt,pre-cut,endive,andijvie,endive,1.45,250,5.80,https://web-fileserver.dekamarkt.nl/artikelen/224517_1_453770_638810229458784917.png?width=500&height=500&mode=crop
44,Macaroni spaghetti groente,Macaroni & spaghetti vegetables,DekaMarkt,pre-cut,,"prei, ui, paprika","leek, onion, bell pepper",1.49,250,5.96,https://web-fileserver.dekamarkt.nl/artikelen/205114_1_472688_638666787520840355.png?width=500&height=500&mode=crop
42,Nasi bami groente,Nasi & bami vegetables,DekaMarkt,pre-cut,,"34% spitskool, 26% prei, 16% taugé, wortel, ui","34% pointed cabbage, 26% leek, 16% bean sprouts, carrot, onion",1.49,250,5.96,https://web-fileserver.dekamarkt.nl/artikelen/224647_1_472691_638810244333754626.png?width=500&height=500&mode=crop
79,Rode bieten geraspt,Grated beetroot,DekaMarkt,pre-cut,beetroot,rode biet (biologisch),grated beetroot (organic),2.39,400,5.98,https://web-fileserver.dekamarkt.nl/artikelen/224635_1_471078_638810244323827141.png?width=500&height=500&mode=crop
78,Sperziebonen voordeel,"Green beans, value pack",DekaMarkt,pre-cut,green beans,sperziebonen,green beans,2.39,400,5.98,https://web-fileserver.dekamarkt.nl/artikelen/165612_1_454194_638276861456938500.png?width=500&height=500&mode=crop
73,Bloemkool roosjes,Cauliflower florets,DekaMarkt,pre-cut,cauliflower,bloemkool,cauliflower,2.49,400,6.23,https://web-fileserver.dekamarkt.nl/artikelen/165561_1_453776_638242435284481145.png?width=500&height=500&mode=crop
72,Broccoli roosjes,Broccoli florets,DekaMarkt,pre-cut,broccoli,broccoli,broccoli,2.49,400,6.23,https://web-fileserver.dekamarkt.nl/artikelen/181642_1_453798_638429034929849234.png?width=500&height=500&mode=crop
189,Fresh & easy Ovengroente zoete aardappelblokjes,Fresh & easy oven veg: sweet potato cubes,DekaMarkt,pre-cut,sweet potato,zoete aardappel,sweet potato,2.49,400,6.23,https://web-fileserver.dekamarkt.nl/artikelen/255047_1_436587_639111483444199659.png
36,Wokgroente japanse stijl,Japanese-style wok vegetables,DekaMarkt,pre-cut,,"rode ui, 18% paksoi, prei, 17% gele wortel, 17% kastanjechampignons, 8% peulen","red onion, 18% pak choi, leek, 17% yellow carrot, 17% chestnut mushrooms, 8% snow peas",2.49,400,6.23,https://web-fileserver.dekamarkt.nl/artikelen/165581_1_453864_638242435427674630.png?width=500&height=500&mode=crop
38,Fresh & easy Wokgroenten oosterse stijl,Fresh & easy Asian-style wok vegetables,DekaMarkt,pre-cut,,"30% taugé, witte kool, rode paprika, prei","30% bean sprouts, white cabbage, red bell pepper, leek",2.59,400,6.48,https://web-fileserver.dekamarkt.nl/artikelen/196030_1_455980_638578410718768224.png?width=500&height=500&mode=crop
37,Oosterse wokgroente,Asian wok vegetables,DekaMarkt,pre-cut,,"rode ui, prei, 21% paksoi, 15% rode paprika, witte kool, 10% sojabonen","red onion, leek, 21% pak choi, 15% red bell pepper, white cabbage, 10% soybeans",2.59,400,6.48,https://web-fileserver.dekamarkt.nl/artikelen/165598_1_454144_638242435489164956.png?width=500&height=500&mode=crop
188,Ovengroenten prei peen champignon,"Oven veg: leek, carrot & mushroom",DekaMarkt,pre-cut,,"20% prei, gele wortel, 17% kastanjechampignons, ui, paprika, 13% broccoli","20% leek, yellow carrot, 17% chestnut mushrooms, onion, bell pepper, 13% broccoli",3.89,600,6.48,https://web-fileserver.dekamarkt.nl/artikelen/244101_1_481052_638972634202521293.png
34,Fijne wokgroente,Finely cut wok vegetables,DekaMarkt,pre-cut,,"21% witte kool, 17% prei, 17% rode paprika, rode ui, broccoli, courgette","21% white cabbage, 17% leek, 17% red bell pepper, red onion, broccoli, zucchini",1.79,250,7.16,https://web-fileserver.dekamarkt.nl/artikelen/224523_1_453804_638810862470895971.png?width=500&height=500&mode=crop
27,Roerbakgroente champignon,Mushroom stir-fry mix,DekaMarkt,pre-cut,,"43% kastanjechampignons, 32% prei, 22% rode ui, peterselie","43% chestnut mushrooms, 32% leek, 22% red onion, parsley",1.79,250,7.16,https://web-fileserver.dekamarkt.nl/artikelen/224520_1_453799_638810238257471279.png?width=500&height=500&mode=crop
39,Wokgroente oosterse stijl sugar snaps,"Asian-style wok vegetables, sugar snaps",DekaMarkt,pre-cut,,"25% rode ui, 25% paksoi, 19% Chinese kool, 16% sugarsnaps, 15% taugé","25% red onion, 25% pak choi, 19% Chinese cabbage, 16% sugar snap peas, 15% bean sprouts",2.99,400,7.48,https://web-fileserver.dekamarkt.nl/artikelen/224636_1_471080_638810244324762322.png?width=500&height=500&mode=crop
29,Roerbakgroente chinese stijl,Chinese-style stir-fry mix,DekaMarkt,pre-cut,,"26% witte kool, prei, 19% sperziebonen, 16% taugé, rode paprika","26% white cabbage, leek, 19% green beans, 16% bean sprouts, red bell pepper",1.89,250,7.56,https://web-fileserver.dekamarkt.nl/artikelen/224522_1_453801_638810862476868590.png?width=500&height=500&mode=crop
31,Roerbakgroente italiaanse stijl,Italian-style stir-fry mix,DekaMarkt,pre-cut,,"24% prei, 19% courgette, ui, 19% rode paprika, wortel","24% leek, 19% zucchini, onion, 19% red bell pepper, carrot",1.89,250,7.56,https://web-fileserver.dekamarkt.nl/artikelen/224531_1_453861_638810241744852129.png?width=500&height=500&mode=crop
68,Gesneden uien,Sliced onions,DekaMarkt,pre-cut,onion,ui,onion,2.29,300,7.63,https://web-fileserver.dekamarkt.nl/artikelen/165617_1_454204_638242435508767254.png?width=500&height=500&mode=crop
63,Spinazie gewassen,Washed spinach,DekaMarkt,pre-cut,spinach,spinazie,spinach,1.69,200,8.45,https://web-fileserver.dekamarkt.nl/artikelen/224549_1_454195_638810229520827558.png?width=500&height=500&mode=crop
192,Fresh & easy Ovenschotel courgette paprika,Fresh & easy oven dish: zucchini & bell pepper,DekaMarkt,pre-cut,,"53% courgette, 26% paprika, ui, kruidenmix (groenten (rode paprika, knoflook, wortel, ui), zout, kruiden (peterselie, tijm, basilicum, marjolein, rozemarijn, oregano, laurierblad), soja-eiwithydrolysaat, dextrose, zonnebloemolie)","53% zucchini, 26% bell pepper, onion, seasoning mix (vegetables (red bell pepper, garlic, carrot, onion), salt, herbs (parsley, thyme, basil, marjoram, rosemary, oregano, bay leaf), soy protein hydrolysate, dextrose, sunflower oil)",3.99,435,9.17,https://web-fileserver.dekamarkt.nl/artikelen/248392_1_487041_639044937407430707.png
190,Fresh & easy Ovenschotel zoete aardappel spruiten,Fresh & easy oven dish: sweet potato & Brussels sprouts,DekaMarkt,pre-cut,,"60% zoete aardappel, 39% spruiten, kruidenmix (groenten (rode paprika, knoflook, wortel, ui), zout, kruiden (peterselie, tijm, basilicum, marjolein, rozemarijn, oregano, laurierblad), soja-eiwithydrolysaat, dextrose, zonnebloemolie)","60% sweet potato, 39% Brussels sprouts, seasoning mix (vegetables (red bell pepper, garlic, carrot, onion), salt, herbs (parsley, thyme, basil, marjoram, rosemary, oregano, bay leaf), soy protein hydrolysate, dextrose, sunflower oil)",3.99,415,9.61,https://web-fileserver.dekamarkt.nl/artikelen/248390_1_487039_639044937398540725.png
77,Sperziebonen,Green beans,DekaMarkt,pre-cut,green beans,sperziebonen,green beans,1.95,200,9.75,https://web-fileserver.dekamarkt.nl/artikelen/224548_1_454193_638810229521753730.png?width=500&height=500&mode=crop
191,Fresh & easy Ovenschotel pompoen wortel,Fresh & easy oven dish: pumpkin & carrot,DekaMarkt,pre-cut,,"40% pompoen, 29% gele wortel, ui, kruidenmix (groenten (rode paprika, knoflook, wortel, ui), zout, kruiden (peterselie, tijm, basilicum, marjolein, rozemarijn, oregano, laurierblad), soja-eiwithydrolysaat, dextrose, zonnebloemolie)","40% pumpkin, 29% yellow carrot, onion, seasoning mix (vegetables (red bell pepper, garlic, carrot, onion), salt, herbs (parsley, thyme, basil, marjoram, rosemary, oregano, bay leaf), soy protein hydrolysate, dextrose, sunflower oil)",3.99,405,9.85,https://web-fileserver.dekamarkt.nl/artikelen/248391_1_487040_639044937400403030.png
152,Uien los,Whole onions (loose),DekaMarkt,whole,onion,,,1.38,1000,1.38,https://web-fileserver.dekamarkt.nl/artikelen/227347_1_478206_638839176268237382.png
148,Hollandse Winterpeen,Whole carrots,DekaMarkt,whole,carrot,,,1.49,1000,1.49,https://web-fileserver.dekamarkt.nl/artikelen/213539_1_268882_638768706454371249.png
156,Rode bietjes,Whole beetroot (raw),DekaMarkt,whole,beetroot,,,1.59,1000,1.59,https://web-fileserver.dekamarkt.nl/artikelen/2073_1_268969_638313337318562112.png
157,DekaVers Bio rode kool,Whole red cabbage (organic),DekaMarkt,whole,red cabbage,,,1.79,1000,1.79,
151,Andijvie,Whole endive,DekaMarkt,whole,endive,,,2.18,1000,2.18,https://web-fileserver.dekamarkt.nl/artikelen/213518_1_268376_638732208956175282.png
154,Broccoli,Whole broccoli,DekaMarkt,whole,broccoli,,,2.58,1000,2.58,https://web-fileserver.dekamarkt.nl/artikelen/213521_1_268383_638732199998598953.png
153,Prei,Whole leek,DekaMarkt,whole,leek,,,0.65,250,2.60,https://web-fileserver.dekamarkt.nl/artikelen/193001_1_247973_638768706402457621.png
155,Bloemkool,Whole cauliflower,DekaMarkt,whole,cauliflower,,,1.79,600,2.98,https://web-fileserver.dekamarkt.nl/artikelen/130781_1_268382_638741766754993972.png
150,DekaVers Bio spitskool,Whole pointed cabbage (organic),DekaMarkt,whole,pointed cabbage,,,2.29,500,4.58,
149,Sperziebonen (heel),Whole green beans,DekaMarkt,whole,green beans,,,4.58,1000,4.58,https://web-fileserver.dekamarkt.nl/artikelen/189491_1_268396_638726403877198426.png
92,Jumbo Hutspot grootverpakking,"Jumbo hutspot (carrot & onion), large pack",Jumbo,pre-cut,,"Wortel 60%, ui 40%","carrot 60%, onion 40%",1.99,1000,1.99,https://www.jumbo.com/dam-images/fit-in/360x360/Products/30092024_1727706763036_1727706771328_8718452798667_1.png
105,Jumbo Geschrapte Wortelen grootverpakking,"Jumbo scraped baby carrots, large pack",Jumbo,pre-cut,carrot,wortel,carrot,1.49,500,2.98,https://www.jumbo.com/dam-images/fit-in/360x360/Products/16072024_1721144059237_1721144069729_8718452788637_1.png
93,Jumbo Basis Soepgroente,Jumbo basic soup vegetables,Jumbo,pre-cut,,"Prei 47%, wortel 32%, bloemkool 13%, selderij 8%","leek 47%, carrot 32%, cauliflower 13%, celery 8%",1.25,400,3.13,https://www.jumbo.com/dam-images/fit-in/360x360/Products/26062024_1719412466990_1719412479690_8718452795697_1.png
91,Jumbo Hutspot,Jumbo hutspot (carrot & onion),Jumbo,pre-cut,,"Peen, ui","carrot, onion",1.69,500,3.38,https://www.jumbo.com/dam-images/fit-in/360x360/Products/07022025_1738956791721_1738956797603_8718452797844_1.png
114,Jumbo Paprika Reepjes,Jumbo bell pepper strips,Jumbo,pre-cut,bell pepper,"rode paprika, groene paprika, gele paprika","red bell pepper, green bell pepper, yellow bell pepper",1.89,450,4.20,https://www.jumbo.com/dam-images/fit-in/360x360/Products/30052025_1748619189432_1748619239201_8718452884421_596.png
104,Jumbo Geschrapte Wortelen,Jumbo scraped baby carrots,Jumbo,pre-cut,carrot,wortel,carrot,1.29,300,4.30,https://www.jumbo.com/dam-images/fit-in/360x360/Products/07022025_1738956794292_1738956801021_8718452837380_1.png
100,Jumbo Fijngesneden Boerenkool,Jumbo finely sliced kale,Jumbo,pre-cut,kale,boerenkool,kale,2.19,500,4.38,https://www.jumbo.com/dam-images/fit-in/360x360/Products/30092024_1727706763785_1727706773840_8718452798650_1.png
106,Jumbo Gesneden Andijvie,Jumbo sliced endive,Jumbo,pre-cut,endive,andijvie,endive,1.79,400,4.48,https://www.jumbo.com/dam-images/fit-in/360x360/Products/09072024_1720517665302_1720517671606_8718452797837_1.png
94,Jumbo Fijne Soepgroente,Jumbo finely cut soup vegetables,Jumbo,pre-cut,,"Wortel 35%, prei 30%, bloemkool 20%, selderij 15%","carrot 35%, leek 30%, cauliflower 20%, celery 15%",1.89,400,4.73,https://www.jumbo.com/dam-images/fit-in/360x360/Products/28112024_1732782796643_1732782807824_8718452795727_1.png
111,Jumbo Gesneden Spitskool,Jumbo sliced pointed cabbage,Jumbo,pre-cut,pointed cabbage,spitskool,pointed cabbage,1.99,400,4.98,https://www.jumbo.com/dam-images/fit-in/360x360/Products/07022025_1738956793807_1738956799568_8718452789764_1.png
82,Jumbo Roerbakmix Italiaans grootverpakking,"Jumbo Italian stir-fry mix, large pack",Jumbo,pre-cut,,"Prei 28%, wortel 24%, ui 18%, rode paprika 15%, courgette 15%","leek 28%, carrot 24%, onion 18%, red bell pepper 15%, zucchini 15%",2.99,600,4.98,https://www.jumbo.com/dam-images/fit-in/360x360/Products/11022026_1770798805672_1770798817536_8718452785469_1.png
101,Jumbo Fijngesneden Prei,Jumbo finely sliced leek,Jumbo,pre-cut,leek,prei,leek,1.09,200,5.45,https://www.jumbo.com/dam-images/fit-in/360x360/Products/31052024_1717151660871_1717151667934_8718452826803_1.png
117,Jumbo Spitskool kleinverpakking,"Jumbo pointed cabbage, small pack",Jumbo,pre-cut,pointed cabbage,spitskool,pointed cabbage,1.09,200,5.45,https://www.jumbo.com/dam-images/fit-in/360x360/Products/09082023_1691587287036_1691587299619_8718452303199_1.png
112,Jumbo Gewassen Spinazie,Jumbo washed spinach,Jumbo,pre-cut,spinach,spinazie,spinach,2.19,400,5.48,https://www.jumbo.com/dam-images/fit-in/360x360/Products/08062026_1780907703649_1780907709727_8718452773367_1.png
95,Jumbo Boeren Soepgroente,Jumbo farmhouse soup vegetables,Jumbo,pre-cut,,"bleekselderij 26%, prei 25%, bloemkool 13%, gele wortel 10%, wortel 10%, selderij 9%, rode paprika 7%","celery 26%, leek 25%, cauliflower 13%, yellow carrot 10%, carrot 10%, celery 9%, red bell pepper 7%",2.25,400,5.63,https://www.jumbo.com/dam-images/fit-in/360x360/Products/06062024_1717684632750_1717684645593_8718452795734_1.png
109,Jumbo Gesneden Prei,Jumbo sliced leek,Jumbo,pre-cut,leek,prei,leek,2.29,400,5.73,https://www.jumbo.com/dam-images/fit-in/360x360/Products/29072024_1722270917473_1722270926653_8718452773381_1.png
81,Jumbo Roerbakmix Italiaans,Jumbo Italian stir-fry mix,Jumbo,pre-cut,,"Prei 28%, wortel 24%, ui 18%, rode paprika 15%, courgette 15%","leek 28%, carrot 24%, onion 18%, red bell pepper 15%, zucchini 15%",2.29,400,5.73,https://www.jumbo.com/dam-images/fit-in/360x360/Products/10062024_1718033711837_1718033722088_8718452785452_1.png
99,Jumbo Fijngesneden Andijvie,Jumbo finely sliced endive,Jumbo,pre-cut,endive,andijvie,endive,2.89,500,5.78,https://www.jumbo.com/dam-images/fit-in/360x360/Products/09072024_1720517665981_1720517678678_8718452797851_1.png
103,Jumbo Gebroken Sperziebonen grootverpakking,"Jumbo cut green beans, large pack",Jumbo,pre-cut,green beans,sperziebonen,green beans,3.49,600,5.82,https://www.jumbo.com/dam-images/fit-in/360x360/Products/31052024_1717151660132_1717151666771_8718452773312_1.png
98,Jumbo Fijngesneden Andijvie kleinverpakking,"Jumbo finely sliced endive, small pack",Jumbo,pre-cut,endive,andijvie,endive,1.49,250,5.96,https://www.jumbo.com/dam-images/fit-in/360x360/Products/28092023_1695920239712_1695920261528_8718452309825_1.png
110,Jumbo Gesneden Snijbonen,Jumbo sliced runner beans,Jumbo,pre-cut,runner beans,snijbonen,sliced runner beans,2.39,400,5.98,https://www.jumbo.com/dam-images/fit-in/360x360/Products/29072024_1722270918278_1722270924730_8718452773336_1.png
85,Jumbo Roerbakmix Thaise Stijl,Jumbo Thai-style stir-fry mix,Jumbo,pre-cut,,"Witte kool 33%, groene paprika 24%, prei 24%, rode ui 16%, rode peper 3%","white cabbage 33%, green bell pepper 24%, leek 24%, red onion 16%, red chili pepper 3%",2.39,400,5.98,https://www.jumbo.com/dam-images/fit-in/360x360/Products/29072024_1722270917412_1722270927376_8718452818358_1.png
87,Jumbo Wokgroente Chinees,Jumbo Chinese wok vegetables,Jumbo,pre-cut,,"Broccoli 26,3%, Chinese kool 21%, wortel 21%, rode paprika 19%, ui 12,7%","broccoli 26.3%, Chinese cabbage 21%, carrot 21%, red bell pepper 19%, onion 12.7%",2.39,400,5.98,https://www.jumbo.com/dam-images/fit-in/360x360/Products/29072024_1722270918159_1722270928986_8718452818372_1.png
83,Jumbo Italiaanse Roerbakmix Zonder Ui,"Jumbo Italian stir-fry mix, without onion",Jumbo,pre-cut,,"Prei, rode paprika, wortel, courgette","leek, red bell pepper, carrot, zucchini",2.49,400,6.23,https://www.jumbo.com/dam-images/fit-in/360x360/Products/29072024_1722270917361_1722270928069_8718452786725_1.png
80,Jumbo Roerbakmix Hollands,Jumbo Dutch stir-fry mix,Jumbo,pre-cut,,"Prei, peen, broccoli, rode ui, bloemkool","leek, carrot, broccoli, red onion, cauliflower",2.49,400,6.23,https://www.jumbo.com/dam-images/fit-in/360x360/Products/05062024_1717601667808_1717601679614_8718452786732_1.png
116,Jumbo Roosjesbloemkool,Jumbo cauliflower florets,Jumbo,pre-cut,cauliflower,bloemkool,cauliflower,2.49,400,6.23,https://www.jumbo.com/dam-images/fit-in/360x360/Products/05062024_1717601667270_1717601675390_8718452789719_1.png
115,Jumbo Roosjes Broccoli,Jumbo broccoli florets,Jumbo,pre-cut,broccoli,broccoli,broccoli,2.49,400,6.23,https://www.jumbo.com/dam-images/fit-in/360x360/Products/29072024_1722270916948_1722270926052_8718452789733_1.png
97,Jumbo Biologisch Gesneden Witte Kool,Jumbo organic sliced white cabbage,Jumbo,pre-cut,white cabbage,witte kool (biologisch),white cabbage (organic),1.99,300,6.63,https://www.jumbo.com/dam-images/fit-in/360x360/Products/07062024_1717759995509_1717760003358_8718452829033_1.png
108,Jumbo Gesneden Boerenkool,Jumbo sliced kale,Jumbo,pre-cut,kale,boerenkool,kale,1.99,300,6.63,https://www.jumbo.com/dam-images/fit-in/360x360/Products/03102024_1727962374067_1727962383773_8718452798643_1.png
187,Jumbo Kastanjechampignon & Broccoli Ovengroente,Jumbo oven veg: chestnut mushroom & broccoli,Jumbo,pre-cut,,"20% rode ui, 20% kastanjechampignons, 20% rode paprika, 20% gele wortel, 20% broccoli","20% red onion, 20% chestnut mushrooms, 20% red bell pepper, 20% yellow carrot, 20% broccoli",3.99,600,6.65,https://www.jumbo.com/dam-images/fit-in/360x360/Products/16072024_1721144059380_1721144068884_8718452776566_1.png
186,"Jumbo Ovengroente Courgette, Paprika & Wortel","Jumbo oven veg: zucchini, bell pepper & carrot",Jumbo,pre-cut,,"34% gele wortel, 33% paprika, 33% courgette","34% yellow carrot, 33% bell pepper, 33% zucchini",3.99,600,6.65,https://www.jumbo.com/dam-images/fit-in/360x360/Products/19082024_1724077999041_1724078005948_8718452852178_1.png
89,Jumbo Wokgroenten Oosters,Jumbo Asian wok vegetables,Jumbo,pre-cut,,"Rode ui 20,5%, paksoi 20,5%, prei 20,5%, rode paprika 14,5%, witte kool 14%, sojabonen 10%","red onion 20.5%, pak choi 20.5%, leek 20.5%, red bell pepper 14.5%, white cabbage 14%, soybeans 10%",2.69,400,6.73,https://www.jumbo.com/dam-images/fit-in/360x360/Products/29072024_1722270917040_1722270929650_8718452795291_1.png
84,Jumbo Roerbakmix Provençaals,Jumbo Provençal stir-fry mix,Jumbo,pre-cut,,"Peen, rode paprika, gele peen, broccoli, courgette, rode ui","carrot, red bell pepper, yellow carrot, broccoli, zucchini, red onion",2.99,400,7.48,https://www.jumbo.com/dam-images/fit-in/360x360/Products/24062024_1719239779309_1719239793702_8718452786749_1.png
86,Jumbo Wokgroente Japanse Stijl,Jumbo Japanese-style wok vegetables,Jumbo,pre-cut,,"Rode ui 23%, paksoi 18%, kastanjechampignon 17%, prei 17%, gele wortel 17%, sugarsnaps 8%","red onion 23%, pak choi 18%, chestnut mushroom 17%, leek 17%, yellow carrot 17%, sugar snap peas 8%",2.99,400,7.48,https://www.jumbo.com/dam-images/fit-in/360x360/Products/19062024_1718814836054_1718814845771_8718452818365_1.png
88,Jumbo Wokgroente Shanghai Stijl,Jumbo Shanghai-style wok vegetables,Jumbo,pre-cut,,"Chinese kool 34,7%, rode ui 22,6%, kastanjechampignon 20%, paksoi 17,2%, rode peper 3,2%, knoflook 2,3%","Chinese cabbage 34.7%, red onion 22.6%, chestnut mushroom 20%, pak choi 17.2%, red chili pepper 3.2%, garlic 2.3%",2.99,400,7.48,https://www.jumbo.com/dam-images/fit-in/360x360/Products/26032025_1743006791021_1743006799367_8718452892570_1.png
96,Jumbo Biologisch Gesneden Rode Kool,Jumbo organic sliced red cabbage,Jumbo,pre-cut,red cabbage,rode kool (biologisch),red cabbage (organic),2.29,300,7.63,https://www.jumbo.com/dam-images/fit-in/360x360/Products/05062024_1717601667792_1717601676566_8718452829026_1.png
113,Jumbo Julienne Wortel,Jumbo carrot julienne,Jumbo,pre-cut,carrot,wortel,carrot,1.19,150,7.93,https://www.jumbo.com/dam-images/fit-in/360x360/Products/22082024_1724337260497_1724337269594_8718452788682_1.png
90,Jumbo Wokgroenten Thais,Jumbo Thai wok vegetables,Jumbo,pre-cut,,"Paksoi 25%, rode ui 24%, Chinese kool 19%, sugar snaps 16%, taugé 16%","pak choi 25%, red onion 24%, Chinese cabbage 19%, sugar snap peas 16%, bean sprouts 16%",3.29,400,8.23,https://www.jumbo.com/dam-images/fit-in/360x360/Products/12062024_1718202884168_1718202899448_8718452795253_1.png
102,Jumbo Gebroken Sperziebonen,Jumbo cut green beans,Jumbo,pre-cut,green beans,sperziebonen,green beans,1.99,200,9.95,https://www.jumbo.com/dam-images/fit-in/360x360/Products/31052024_1717151660365_1717151667365_8718452773299_1.png
107,Jumbo Gesneden Boerenkool kleinverpakking,"Jumbo sliced kale, small pack",Jumbo,pre-cut,kale,boerenkool,kale,1.85,150,12.33,https://www.jumbo.com/dam-images/fit-in/360x360/Products/30092024_1727706763738_1727706774034_8718452798636_1.png
158,Jumbo Wortelen 1 kg,Jumbo whole carrots,Jumbo,whole,carrot,,,1.39,1000,1.39,https://www.jumbo.com/dam-images/fit-in/360x360/Products/18092023_1695031625445_1695031631500_8718452265732_1.png
162,Jumbo Biologische Witte Kool 1 Stuk,Jumbo whole organic white cabbage,Jumbo,whole,white cabbage,,,1.99,1200,1.66,https://www.jumbo.com/dam-images/fit-in/360x360/Products/29092023_1695996728185_1695996731917_8718452659616_1.png
161,Jumbo Biologische Rode Kool 1 Stuk,Jumbo whole organic red cabbage,Jumbo,whole,red cabbage,,,1.99,1000,1.99,https://www.jumbo.com/dam-images/fit-in/360x360/Products/29092023_1695996729168_1695996732356_8718452659609_1.png
167,Jumbo Bloemkool,Jumbo whole cauliflower,Jumbo,whole,cauliflower,,,1.85,800,2.31,https://www.jumbo.com/dam-images/fit-in/360x360/Products/12122024_1734014380396_1734014385659_25003697_1.png
164,Jumbo Andijvie 1 Stuk,Jumbo whole endive,Jumbo,whole,endive,,,1.19,500,2.38,https://www.jumbo.com/dam-images/fit-in/360x360/Products/10022026_1770730404430_1770730410809_25031416_1.png
166,Jumbo Broccoli 500 g,Jumbo whole broccoli,Jumbo,whole,broccoli,,,1.35,500,2.38,https://www.jumbo.com/dam-images/fit-in/360x360/Products/03072025_1751538775495_1751538783215_8718452633531_1.png
165,Jumbo Prei,Jumbo whole leek,Jumbo,whole,leek,,,0.59,200,2.95,https://www.jumbo.com/dam-images/fit-in/360x360/Products/18092023_1695059507098_1695059511451_8718452689743_1.png
163,Jumbo Spitskool 2-3 Personen,Jumbo whole pointed cabbage,Jumbo,whole,pointed cabbage,,,1.99,500,3.98,https://www.jumbo.com/dam-images/fit-in/360x360/Products/29092023_1695994884312_1695994889997_8718449012783_1.png
159,Jumbo Sperziebonen 500 g,Jumbo whole green beans,Jumbo,whole,green beans,,,2.39,500,4.78,https://www.jumbo.com/dam-images/fit-in/360x360/Products/18092023_1695031670249_1695031680461_8718452298525_1.png
160,Jumbo Snijbonen 400 g,Jumbo whole runner beans,Jumbo,whole,runner beans,,,2.39,400,5.98,https://www.jumbo.com/dam-images/fit-in/360x360/Products/10102025_1760121168906_1760121173181_8718449025578_1.png
168,Jumbo Paprika Rood,Jumbo whole red bell pepper,Jumbo,whole,bell pepper,,,0.99,150,6.60,https://www.jumbo.com/dam-images/fit-in/360x360/Products/302240_8711715882455_1_T2_129649STK1691482518896.png
